Username,Password,CardNumber,CardExpiryDate,CardCSV,Dob,Gender
llaird0,9yBUoM9VE1Qp,4510662802640540,2022-09-27,389,1982-03-04,Female
tnetti1,RSZ6oERBW,6331103355660080000,2022-08-14,286,1993-01-03,Male
ashort2,xX0skt6ywW,201458730610596,2022-01-04,314,1986-07-18,
acisar3,Hf17h9a6lidb,201887194624448,2021-04-30,573,1998-09-30,Female
dkeyzman4,rwkwI2E,3551509539355110,2020-10-20,903,1945-07-03,Male
arout5,fK3MpUr,3578749797606130,2021-06-20,875,1982-02-16,Female
vbaseke6,P1lrUJul,5425004089196730,2020-04-15,355,1946-05-07,
jlowten7,5VlecpahGr,3539929046468570,2020-12-24,780,1952-10-03,Female
creavell8,vHVMo3zvs3al,3546396798452010,2022-12-02,943,1969-07-04,Male
bcharrisson9,zGepdMHeMVnC,5048371058498880,2020-09-07,297,1969-02-27,Female
srenada,aOOjVLHW,3528436138017820,2024-01-07,697,1982-12-16,Male
ematsonb,CihamqqjXgD,3570066687022980,2020-03-02,483,1962-07-11,Male
aansellc,Nip9nPbUtb,30145702234763,2020-06-22,494,1958-09-11,Female
jneggrinid,jqD1jcuWxG7O,3561310890528380,2022-11-09,533,1957-07-22,Female
tlumbere,30nVvw8axnLo,5602220353364620,2020-02-18,388,2001-12-15,
mcatheef,QTvDwnxNN9h,3528780785148020,2022-06-20,979,1940-04-12,Male
kcadmang,OarzoF,676742952854537000,2020-06-26,126,1974-05-03,
cwealleansh,GSGSWYOkzF,201638021071265,2021-09-01,690,1978-05-17,
kmeiklei,xT7Bpy3uiy,56102280574012500,2020-03-27,302,1961-09-29,
gocannavanj,NvROVf,3572339408625330,2023-03-11,621,1999-05-25,Male
gfassamk,FX5X0hTBC0no,6399515734264550,2021-03-15,569,1953-09-26,Male
eelvenl,TciDh6RO,3549858286256810,2021-05-10,249,1971-11-01,Female
hromaninim,tXDlui,3584837280220350,2021-09-21,660,1987-04-17,Female
dmcilhattonn,tvctHbuCW3,3543858453331100,2022-10-25,451,1958-03-11,Male
fdoneo,8xS2ss8,5602220247366950000,2022-05-06,531,1959-04-28,Male
mdoretp,qWQQ7tNoLiu,4026335001589330,2022-09-18,275,1992-05-04,
japhaleq,O22DSqYSJP,561036253486488000,2022-01-03,717,1998-07-03,Male
ldawidsohnr,uSeiNOQ,67595048474818300,2020-10-02,606,2003-05-08,Male
rbeauments,jioajgS,633110152722168000,2022-05-09,185,1975-01-01,Male
cbranstont,MGZj7X,6333266951973230000,2022-10-19,899,1964-04-24,Male
pniccolsu,c8WhR6ZU,3535373777224960,2021-04-30,194,1957-07-16,Male
lcastanev,F1ngwzT6,5010127035682190,2020-02-25,477,1970-10-28,Female
ghundellw,HeZ1sdjIURi,5602233505990160000,2023-09-10,797,1971-06-27,Male
ldollx,EYVgTnjGSIe,67621874342292800,2022-03-21,719,1961-05-03,Male
aborey,NGkUmC,490387587494709000,2021-12-20,698,1993-12-18,Female
khapperz,oDxKnzUSEZ,5893616369461790000,2023-01-05,516,1999-05-18,Female
mgilogly10,xXsdxaqi1,3570857522699360,2022-03-10,121,2002-09-08,
glinnitt11,YZLRBEMbCC,374283701501900,2021-04-01,581,1960-04-12,Male
tlefleming12,FZQPHJPzB,3554515312785240,2023-03-10,169,1956-11-27,Male
madacot13,TVUg1BGUGWiI,3571609981613660,2022-11-29,360,1953-09-18,Female
dcahan14,xquk6yjmJ,3535058731260890,2022-12-16,904,1997-08-25,Male
hbloan15,26jiqPgstd,3560845173095720,2022-09-14,591,1986-05-24,Female
dgiraudat16,9LlfDgvF,3561014743542990,2023-08-11,360,1968-10-24,Male
jpentlow17,Ac3elux,5602257666471860,2023-05-31,511,1971-04-23,Male
eketteman18,iScEjvcH5HVn,5007663645157960,2023-01-09,225,1953-05-01,Male
cbootherstone19,7uVVjBfK,374622956529811,2021-12-20,819,1961-06-29,Female
tjakoubek1a,RmGok9Ul6mpT,3542162917833040,2022-11-05,989,1963-05-27,Male
dgledstane1b,O7A987bHapH,4186455408925,2020-12-11,274,1944-04-15,Male
cmonaghan1c,gmjyfl0h,30069551442915,2020-02-13,331,1959-03-08,Female
hmouncey1d,QT9I0VJB,4041595098922,2022-01-30,941,1947-12-29,Male
ddecourcy1e,8TTQ7SiK,564182675570765000,2022-10-18,213,2000-06-20,Male
cworld1f,ChAXeJflTF,3576460008764550,2022-12-23,995,1960-05-03,Female
onardoni1g,YXx79k5cKR,63045402583966800,2021-10-31,551,1981-03-07,Male
vgrowcott1h,vawa4Bk4,3541610643033600,2023-09-21,683,1946-07-08,
mcassedy1i,DGFAWKSwA,201520304742079,2021-10-16,120,1948-02-17,
gwhetton1j,Y4oPF5,3542468670478020,2022-11-24,284,1957-06-29,
mtakos1k,lLhoj2PkgHd,3538723680676900,2021-09-19,853,1977-12-01,Male
qbrownett1l,8SMq6QQOvjap,3537650940939380,2023-11-08,752,1972-08-14,Male
mmcgenis1m,KfOO2E4sVb,4017953912769690,2021-02-02,905,1960-09-18,Female
bscamp1n,JeGeBSfI4,670695922116081000,2022-05-14,133,1958-09-02,Female
mgodney1o,dMbAHenXLEGN,3537137119119950,2021-08-23,648,1946-04-14,Female
omcconigal1p,PkDPeZUyZlHu,5002359661716050,2021-11-10,109,1993-07-20,Female
hdeniso1q,uS8bzGIK,201833834562317,2022-09-30,957,1998-10-05,Female
kstrover1r,MEyBCIr4qW8,5322388470412620,2021-12-24,782,1984-02-28,Female
lgodlip1s,ms8FjT4,3568525058460140,2021-01-28,323,1953-05-08,Female
bburd1t,tzKkEMzCgV,3538968089665690,2022-08-29,173,1962-04-23,Male
dmaroney1u,I6fHaMNKyVf,201963819452232,2022-05-26,385,1966-05-14,Male
tjaze1v,kDMtRermJl,5602258336609230,2020-09-01,371,1994-06-10,Female
enarraway1w,0b71EORS,3571568484563590,2020-08-29,108,1943-02-08,Male
cmcgiff1x,RLrsbJ,5457385576733700,2023-06-16,922,1992-05-28,Female
jyantsev1y,4Po4WsjcYL,560225416162636000,2021-07-22,827,1960-05-17,Female
jpartlett1z,bmUQVqwh,50187447304514300,2021-08-09,630,1972-08-12,Female
baspenlon20,YHYZPwv1heHS,201907195888253,2021-01-21,622,1988-10-13,Female
dphilpott21,LcB8SU4e,3535852426334940,2023-06-21,669,1998-09-18,Female
mcreamer22,uVOcCUJV,30529446653695,2022-03-02,513,1990-08-20,Female
ntapsell23,2Nix8KGwH5V,5038369836218910000,2021-07-14,886,1990-09-30,Male
nglasheen24,QRRIFUH3w,3558209816154700,2023-10-09,300,1991-02-18,Male
cescalante25,p9tkpSNpj,372483436403743,2023-12-13,205,1946-03-25,Female
aschreiner26,PZ6YEAihCksx,3547858605574520,2021-05-01,593,2001-02-13,Male
sgodon27,F1bmP0I,6304855394832620000,2022-01-03,700,1972-04-16,Male
opailin28,duCmidU6xYom,3547803742643820,2022-03-17,812,1970-05-10,Male
femsley29,375CZlS4Ozp9,633434955487878000,2021-04-08,351,1953-07-12,Female
atesche2a,YOO1lup,5100173637656650,2023-12-04,631,1991-10-21,Female
leddisforth2b,k6T6gubbR4,3586986182645610,2021-05-12,730,1971-10-28,Female
greboul2c,mYxAZxh1,5602240468024440,2020-03-16,283,1984-02-08,Female
jnorville2d,8zh5XyKCHqV,3573364549964620,2023-08-27,227,1983-05-01,Female
hlilleyman2e,CsB8ITa,3549539939317270,2021-08-28,996,1961-09-07,Female
sousley2f,5zAAvxYOJr,3534087557831630,2023-01-07,824,1961-04-29,Male
apearsey2g,ySd87qTF5kko,67712040301789400,2020-04-12,872,1994-06-06,Female
alarver2h,MYsbuIQ,3535211919484770,2021-06-12,265,1949-05-12,Male
ybyas2i,G3T23orMSRO,3587081981032380,2021-04-24,977,1955-01-18,Female
pdoctor2j,r4aeqt,6709156909029040000,2020-02-22,125,1978-04-12,Male
nduffill2k,8CQOG8SiCw0A,3566897937274160,2021-07-13,576,1976-10-21,Male
emacelholm2l,rOBVIAIT,3539336821016490,2023-03-25,169,1940-07-30,Male
cfogel2m,ftC1ECSm,3578225539595370,2023-12-24,680,1949-01-16,Male
wbrocklebank2n,QSSumf,3529162816617670,2022-05-11,600,1989-09-11,Female
vmedland2o,aQs2pNWd7pI,4905520496395170000,2022-03-12,547,1989-11-30,Male
gbell2p,ptUdymsc,3540380382565300,2021-10-18,725,1983-05-09,Male
cerickssen2q,GyFd8ds4Vb,4175002890759070,2021-02-15,898,1997-11-20,Female
corgee2r,xezCwj,6390251071168330,2023-06-10,946,1944-12-09,Male
dditch2s,jpLIho,5610281342985240,2021-09-03,453,1976-08-12,Female
jstiggers2t,tk1FHtpPA,3553931605147590,2022-11-20,222,1965-10-11,Female
krolland2u,fMra1qTJe,4041376437094390,2021-11-17,836,1964-01-26,Female
gcammoile2v,g1Bkxh7,4405443108439010,2020-11-03,933,1992-07-08,Male
mswaton2w,18IKzdM8HyC,5602247495237950,2021-11-19,305,1972-09-17,Female
elack2x,pw0hp4,201468266970215,2020-10-06,546,1981-09-17,Female
ebrakewell2y,SFK5m4R9w,5518160439894640,2022-05-13,652,1988-07-16,
cjenkins2z,r5XfCK,201707488111292,2023-08-19,457,1972-05-02,Female
oboich30,NovfdomUHO,3538419764099460,2020-06-24,380,1999-01-03,Male
mmaccart31,hnZSliIScjA,56022249179371800,2022-10-11,791,1967-02-16,Male
dhenstridge32,awn1yn,5100137268709620,2020-09-30,889,1994-10-12,Female
ehegel33,nPpRc7,4041374790085830,2020-07-30,429,1947-06-01,Female
mgraine34,Kz5MbJ,3580716370902520,2020-07-09,512,2001-06-25,Female
obalhatchet35,lJSXFhrgo,3583112980063390,2020-09-29,555,1969-03-03,Female
hgiddens36,5NZ2RlKBq,3566948763315810,2022-02-05,746,1999-11-27,Male
dwarret37,YL2CvNvKrvV,5007669311922970,2021-06-14,248,1940-03-29,Male
dpatchett38,SUocQdChU,30208005946317,2022-10-04,163,1953-03-04,Male
tbowie39,e545HteAHl,3571743926437640,2020-06-10,237,2002-05-15,Female
slovart3a,JRVLCi,3545711204423090,2021-04-03,313,1997-07-16,Male
syakunin3b,LNllDoVw3h,3568506206077350,2023-02-19,965,1955-11-24,Female
jguerreau3c,8pcSLeTlvbPj,3556620561877120,2023-09-24,351,1953-09-25,Female
lyanez3d,CD2TkvuhRk,3585281411402010,2023-02-16,126,1995-03-18,Male
asympson3e,ewyVEHHHQ6iU,3568892851756480,2023-06-29,166,1945-02-14,Female
ajunkin3f,2YGtMH,3544338365907630,2022-04-11,216,2002-04-29,Male
cnussen3g,BCSRRMjfp4q,6706203830904190,2021-11-24,457,1950-04-19,Male
mnew3h,SHViWCwiwMV,5345660277771700,2021-10-14,362,1962-06-10,Female
pfromont3i,76SSyAnvW46,5423843100565980,2021-10-19,236,1982-03-21,Male
shinzer3j,Y0wVLT3Y47CZ,6759487314184670000,2021-03-05,318,1945-03-24,Male
waltofts3k,M098UM,4911035746402970,2021-03-30,937,1956-12-16,Female
gianetti3l,JFQoVNYQ,3543346726158420,2020-09-04,566,2003-09-28,Male
mkeech3m,LbVOicT0Lr4,201973356756440,2020-02-17,852,1982-05-14,Male
tgodwyn3n,NoxV9t7sT,3569212363076540,2020-04-03,616,1941-07-15,Male
dstrangward3o,EWeZI1gjxygu,3573346250612830,2020-05-15,613,2001-08-23,Female
crubrow3p,e3KcjXQt3,4936147376967200,2021-08-30,260,1940-10-08,Female
bhartly3q,Rg1Lwb19w,3550025930011530,2022-07-05,426,1982-11-19,Female
hwhitwell3r,4vJM8SY,372301702410210,2021-07-26,829,1965-11-14,Female
gcosby3s,u9uEIywCw,3578427155413310,2023-05-12,707,1979-06-04,Male
nmorritt3t,r6m1otwTFx,5100171872983810,2022-03-26,823,1951-11-20,Female
dvakhrushin3u,LIjmE9,4041373799770690,2023-07-18,913,1971-04-30,Female
gdeuss3v,nM2ceDElqpOQ,3557902978110140,2023-04-17,488,1982-09-23,Female
tpieters3w,KLK6mAfgF,3569147060815060,2022-02-22,113,1952-12-16,Male
lfloch3x,lhGLbJm,3553288533501760,2021-12-10,564,1992-01-30,Female
osaurat3y,RshypfIn,5893098741867880000,2021-05-22,252,1957-05-06,Female
ymaxwale3z,ezweg0Z41b,3581484254781190,2022-05-09,200,1947-09-13,Female
epetteford40,q0c6oMy,201928472324689,2022-06-23,464,1999-02-16,Female
rkondratovich41,kFAk9sX,4175007376430310,2020-05-21,874,1986-01-19,Female
vgraveston42,uMx03hnC,3538049139229880,2021-10-06,866,1973-07-03,Male
rkelby43,zHlPWvFf8Mm,56022445871774300,2023-10-29,981,1988-01-03,Male
bwardel44,lX3ZZw8N,490312578339383000,2023-07-10,750,1943-11-16,Female
bmityushkin45,eAJbNy,5602248353734920,2020-05-04,125,1947-04-27,Female
creinger46,qbs6AtqjY,3563349682627640,2022-06-11,469,1984-09-28,
rmackenny47,DWHXM2JAUVAv,3568434281694240,2023-08-13,753,1994-06-03,Female
rlamminam48,doNAX8mGMz7,3559124060049140,2023-07-02,547,1998-10-09,Male
cmcneilley49,31bWnVBrkFiJ,6397713977135440,2021-11-23,136,1955-03-06,Female
dcarleman4a,8uIQGfmYj,3586948523100560,2020-01-13,327,1977-04-13,Female
mdickman4b,kKCtiJ,6304172065457890000,2023-12-13,297,1987-02-06,Female
tmoral4c,hrYq5DhsAM25,3572305001629430,2021-08-04,714,1945-11-22,Female
ggolson4d,yXFPC6,56022406928456400,2020-07-06,946,1952-10-27,Male
hcrevagh4e,boawSN,3562120468995860,2022-12-28,645,1942-11-18,Male
nmartyn4f,mRdxK1vmK,374288596405646,2021-11-19,900,1953-05-17,Female
cajam4g,czD9yCc2Ztvu,30567932308234,2022-01-17,336,1984-07-19,Female
gplumer4h,m52dBeWZI,3533178737951750,2021-01-01,442,1979-07-07,Female
cchooter4i,IPXzC8K1ikhX,6382186290134100,2023-03-05,231,1985-05-11,Female
coglassane4j,HtSkYvhvpVS,560223597777192000,2021-12-18,487,1981-04-16,Male
acessford4k,kSYFTDjHU,3568222370339790,2022-05-30,979,1993-09-12,Female
acaddie4l,ANORcd,3543326290355140,2021-08-20,991,1997-12-31,Female
cbaudon4m,92HN4i,675950857239112000,2021-06-08,400,1977-06-14,Female
mpedgrift4n,OE6rIg1HHp,3556918991854970,2023-08-21,919,1946-11-20,Male
lgrimsley4o,eJKxph,3554338534703530,2021-05-19,847,1996-08-07,Male
qmancell4p,5YA56C,4844602629846450,2021-05-16,218,1988-05-18,Male
dmothersdale4q,YUqDrMEY2,5602221406080550,2021-04-03,662,1990-02-02,Male
cgorce4r,nu1psXjs,3589980848034180,2020-11-03,182,1963-02-21,Male
dmein4s,QwIqax51,3586679670451240,2022-03-24,231,2000-02-06,Female
afarres4t,JzUCd4klOhL,6331100382383220000,2021-04-01,456,1956-10-09,Female
rtimmons4u,zMCcUYVq,5432044094174420,2023-06-05,204,1984-06-03,Female
kalishoner4v,1sKu9I4eSB3W,5641828413189140000,2020-03-23,711,1958-08-14,Female
kklimp4w,NhzbPFpU,5536039582817910,2023-03-26,922,1948-06-18,Male
gpendergrast4x,r3YbRJPNTByn,3587598642495290,2023-04-10,787,1953-04-20,Female
dsteptowe4y,9cejXUq9IQH,3540576758904800,2022-10-16,872,1974-03-09,Female
afollis4z,So8jCzNdVw,30380725952717,2022-10-02,772,2001-12-20,Female
mbelasco50,lNMiAKBqrsU,374288501999048,2021-06-10,967,2003-04-19,Male
gpozzo51,kB0YqhP,4041597015718,2021-02-18,353,1999-10-19,Male
renterle52,SHfPfE,3555420522515700,2021-01-17,538,1986-02-24,Male
clealle53,F69ehMppeG,4917737248396820,2021-02-05,606,1949-01-15,
draitt54,4yMMmKEoMu,3586928810002660,2020-03-19,425,1951-06-03,Male
mward55,xfiDLN,3571619567268740,2020-05-22,790,1986-02-02,Male
ablackmoor56,lR3OcEbiasY,676320369635188000,2021-08-22,250,1950-11-27,Male
cspottiswood57,zoOa5Aon,560225952340554000,2023-09-13,130,1953-04-24,Female
twidger58,Z69RtbA,3563594404252580,2020-11-03,169,1993-01-11,Male
rwhatley59,F4iaD5FTKS,3561587532317400,2020-02-14,708,1983-10-11,Female
cmckelvie5a,MI6ZEgY,30009469935378,2023-08-09,566,1957-05-29,Female
hthake5b,nhUnfApc6bUh,3569435769405180,2020-07-19,710,1958-01-22,Female
tmckeggie5c,31hP8un,3563918945728240,2023-05-16,127,1952-01-25,Female
ylegging5d,GZVuDnh0jEo,6709933738084480,2020-08-26,561,2003-09-17,Female
mwhitmore5e,ImFeUec,6333457631230480,2022-12-12,277,1986-07-28,
jinglefield5f,5ScEkB,3588198230029850,2020-01-19,389,1950-05-12,Female
nmccreery5g,x5zlBel0gaU1,3565275328882130,2021-06-06,683,1998-11-01,Male
kzanardii5h,k0jRKivIgc,604204142169102000,2022-03-21,132,1996-09-25,Male
zstreetley5i,m70blUA,3579970845488790,2023-02-16,882,1988-04-16,Male
kmcgann5j,JBZGshrEBX,3571369863703880,2022-12-08,483,1991-03-31,
ajendas5k,Cytzh9ETVYO8,4026235996298470,2021-04-15,382,1996-01-02,Male
swyvill5l,jyyWsrp,675947998506863000,2022-03-26,442,1940-08-24,Female
bmohammed5m,OlGXxrJrnbj,3538559115042940,2020-05-03,789,1984-03-22,Female
lcommander5n,K6NlGNoktJO,3556295154235490,2022-03-31,336,1984-11-01,Female
mblaxter5o,wH8Ytas5V6,5007667560918060,2023-04-18,608,1971-08-10,Female
gpopland5p,UVnPb8gzVPfq,201823363715048,2020-04-25,956,1973-07-01,Male
avandenhof5q,G1kEiXQp,374622253932221,2023-09-21,131,1950-09-13,Male
gcestard5r,WJfGba1fF,3541429691320880,2022-03-09,256,1946-04-30,Male
bgyer5s,ohsSE14vieN,3585310508501890,2022-09-18,263,1956-10-08,Female
skellet5t,SzunIDnigV,3553038015886860,2020-11-19,957,1968-08-29,Male
oingleston5u,6ENNanUh9C,5002358300097290,2020-10-06,216,1983-04-26,Male
lhyndman5v,MDziPsGErIf,6373745823728270,2020-12-20,178,1994-12-13,Female
rhallaways5w,YWwZ9B,3554816429827130,2020-12-22,607,1966-10-22,Male
ablackboro5x,R7DuKij,4913948979241600,2021-11-11,822,1969-01-31,Male
tmountney5y,ElTYlwYAj,3564906914039340,2020-08-15,182,2001-05-11,Male
ppenhall5z,DeubGAGg,3576873582642500,2021-03-05,740,1979-02-05,Male
bhaliburn60,dGLGlZh,5002352089589690,2022-06-21,219,1980-09-11,Male
njennick61,wtz18hwy,5602224515453510,2023-12-16,253,1948-02-03,Male
ayoskowitz62,6QGE6Xt,5048376549009220,2022-10-18,402,1950-08-06,Male
lbellham63,AHVG9mwet,3528439066372470,2023-12-10,498,1985-07-02,Male
ocrosseland64,QETdvfkFDV,6331106051604090000,2022-01-29,877,1998-05-31,Female
aholwell65,rKjHHXeBXoRo,3530850939900800,2023-06-17,468,1946-11-09,Male
glisciardelli66,wBy2408k5qzZ,5602227769338890,2023-05-19,883,1999-04-24,Female
skeppe67,nAdWdRCDdUo,5602256408628750,2022-10-23,507,1944-06-02,Female
jkench68,vhZ3ZhpvdvZ5,30061051749626,2023-03-27,518,1987-12-23,Female
rslavin69,iDAoxqt,4954933575259630,2021-05-06,307,1963-09-10,Female
awalklot6a,R0eECvVD4N,3549898884746950,2023-09-15,399,1944-06-27,Male
cangood6b,R6WhMkWFZjD,3574592187346520,2020-02-18,393,1947-12-08,Male
bcammidge6c,jMsTJ1,5002357036340170,2020-04-26,652,1987-01-13,Female
sheater6d,SalLCKAMw3,3571454068961190,2022-07-23,275,1977-01-31,Female
rtroillet6e,rkVeUjGq,5048374265214130,2020-09-10,632,1971-05-04,Female
smclaine6f,Lw6ttzoSXA,3543545374214640,2023-11-17,328,2001-05-07,Female
hfieldsend6g,ueOoenlg1,5486383691900030,2021-03-23,154,1962-11-21,Male
aholah6h,AQ80rRmN5CS,3576460187813540,2023-01-15,924,1943-11-19,Male
rfallows6i,r52ahu9STA,3540567076779190,2023-08-15,558,1954-03-05,Female
hestcourt6j,p5gQxi1IYK,5602213093049870,2020-07-11,543,1953-10-31,Female
whazley6k,mZWxajDg6,30368775788735,2021-05-02,138,1957-11-26,Female
dbellhanger6l,nMmSOTVBZco,3582838160750420,2020-04-02,874,1956-04-29,
acluely6m,acDRlDg,56022403470445800,2020-11-06,436,2002-06-27,Male
gbithany6n,9XFgag,337941442788534,2020-07-28,110,2001-01-18,Female
ggustus6o,oTEhTme8Smg,3553430610420880,2022-07-02,376,1983-09-05,Male
ceagell6p,I85K6ADAHQZ,5108757731508970,2023-07-01,615,1949-03-25,Male
cosmond6q,bcz5Cck0Ixnv,6389434982809770,2023-10-29,339,1984-09-01,Female
gjocic6r,AIhhnYf,561088751314579000,2020-07-02,652,1967-03-30,Female
cpinn6s,edA5c2QFeSR,30279274519077,2020-02-27,690,1976-06-15,Female
gwhenman6t,2awdLkIwtI70,3532179781633750,2020-07-15,682,1973-11-05,Male
rblanning6u,XX3HAP,5220423514124040,2022-04-27,115,1987-12-09,Female
amccreery6v,pQqkvHICz8UY,5602238690336970,2023-12-01,376,1963-05-23,Female
adesseine6w,lZ4bHO5du4,5329222130022480,2023-11-07,573,1940-01-24,Male
tgwilliam6x,NQLsvC0a,3587588205791080,2023-12-26,603,1943-12-19,Female
imarrill6y,MauT3p,3528197853440790,2020-07-25,377,1979-10-17,Female
tosgar6z,G4p5RiEz,3561667810878630,2021-05-24,703,1993-01-27,Male
rhardy70,8S4U90DrBLj,3528194581106110,2021-09-22,924,1998-12-15,Male
mgauthorpp71,c4y3ZFbYcbhD,4041377373737020,2022-01-12,653,1963-04-19,Male
nantonomoli72,9coIje0kI3fR,67630490955347900,2020-07-21,914,1941-04-22,Male
dsnaden73,I76uPZVM14,5526881052543520,2021-04-18,685,1993-04-18,Female
mpostance74,wyglK2V1URu7,4017956107641580,2022-04-09,809,2000-11-26,Male
tbrattell75,WqImRRPf5kx,3582526553896600,2023-03-05,700,1978-09-27,Male
hsimonsen76,IdIkVZo1Z3LE,3570761700260210,2023-01-31,883,1995-11-18,Female
jrevie77,85MdwdD7,3548960219699500,2020-08-07,321,1951-09-01,Male
vscotcher78,MNeOhG,3534640120757230,2022-06-05,459,1987-06-19,Female
adeniso79,PghwtTPug,6762510194092160,2021-02-27,833,1975-06-30,Male
sbenit7a,l9VaHlcddG,5610050177600320,2021-09-19,280,1988-09-30,Female
rbadini7b,KurhCDnVO,3589816212225430,2020-03-13,324,1985-06-14,Male
olukehurst7c,QgKeR80uJi,3567549915876260,2020-11-21,423,1952-06-21,Male
eflageul7d,QohSOguHtMK,4026797902410090,2021-12-02,949,1967-08-17,Female
atrythall7e,nncCFdTt9dU2,3580129137034140,2020-02-23,935,1969-01-12,Male
rduffil7f,0hBYTrZF,60403511790859800,2021-08-10,419,1985-05-08,Female
mregglar7g,xEvPA3,3541465823839370,2021-04-02,390,1986-10-08,Female
sziemens7h,gQ3ITJp7p6,5018362055879560,2023-07-18,596,1974-05-29,Male
sdiver7i,PBnBxDr,374622904713939,2022-05-06,163,1991-04-26,Male
wbathow7j,FH908w6dLxnG,4026906409693520,2022-02-22,781,1942-08-05,Female
wbennit7k,OKaozlG,4903281194072060000,2021-02-06,913,2000-10-19,Male
lwilsdon7l,LKd1Z7v,4041373485728120,2020-05-02,667,1972-07-28,Female
jclyne7m,vYJ5itLk,3581582137893800,2020-11-30,213,1958-11-28,Female
abetty7n,wT4sO1XuNK,6331107874738700000,2022-02-08,401,1979-05-28,Female
mmeasen7o,PfORUjH9f0D,3536332808334070,2021-02-05,682,1980-04-10,Male
rvolet7p,umdaRC,633110738323088000,2021-04-04,932,1973-02-23,Female
kfeavyour7q,0W9jYnCcHxq,3572174985696730,2020-03-15,717,1988-06-21,
tlarderot7r,sSuKInRXk,3549986209023940,2023-01-25,323,1986-10-02,Female
ccardero7s,O5TJujXf,6376466228856590,2020-01-19,668,1980-10-22,Male
jpicard7t,GijGon,4508212164231290,2021-08-06,996,1976-12-06,Female
ciannelli7u,NTrNqO9fIuz,30178103919906,2023-09-18,334,1966-10-29,Male
kgoodlett7v,66moJ8i,3539667310349420,2020-05-25,870,1960-07-21,Female
jhumbey7w,EH9B478KDHzB,604410256963464,2021-04-21,378,1997-05-24,Male
uharby7x,LRakGg,3569668811870590,2022-05-17,106,1950-01-17,Female
cbineham7y,GDCFkOe,4041373341213,2022-05-15,589,1958-02-19,Female
carundel7z,axUSDXH,3546165148994290,2023-01-02,954,1999-09-29,Male
obartul80,Loomq4f2wsZ,3535880159004410,2023-12-05,450,1997-12-04,Female
kpainswick81,1IuybrLGSH,3578572996165690,2022-09-01,995,1964-02-07,Male
cwhittleton82,7I2NVQ,501865883619823000,2020-09-28,615,2001-04-17,Male
ljeavon83,ZamxY9u9,341650543569560,2020-05-04,106,1960-02-10,
ffellgatt84,L1VRrovtMK,3577942180378510,2023-11-22,282,1955-08-20,Male
gbatchelar85,ofdYWL,3545324281418680,2022-11-19,174,1989-04-04,Female
hkornas86,jPYOqtOjfIaZ,4917738482625620,2020-10-09,738,1982-06-13,Female
ibrasener87,aLe8YlukxI,374414800769979,2020-03-12,179,1951-09-01,Female
rhailey88,VpZvsUhCk,3531999510517560,2021-01-23,115,1956-07-19,Male
dcrumpe89,hepd7oFnn,3566387514179340,2022-05-07,809,1997-04-04,Male
lstirton8a,mynnmPkPoE,5610697699247590,2022-10-26,378,1990-05-28,Female
aaronovich8b,9sOeiwR0,201859267714133,2022-10-28,726,1998-10-07,Female
vbanbrick8c,KNEuX349eV,3536752212296520,2022-09-22,887,1991-07-04,Male
cbigly8d,Y62KUE5O,56022474309762000,2022-07-23,189,1998-03-21,Female
bsancias8e,uymOwtluKRZT,3565561342995780,2020-04-09,809,1949-12-27,Male
hsabates8f,ISL7m6,3556973686641920,2023-04-24,153,1990-08-12,Male
cbettenay8g,QTEzCYYfuqVR,5215953538642880,2021-01-19,383,1966-03-13,Male
mdowdeswell8h,F4GJlLmkakWG,3539118969454180,2022-11-10,913,1948-01-23,Male
ysutherns8i,HihZ3ud0OK,560222231272850000,2023-05-19,429,2003-07-12,Female
dcadalleder8j,9Ak6XOy4wqK,3530667933227730,2021-02-18,465,1979-11-13,Female
tcalver8k,o5p2xobQm049,5602257904606670,2023-10-28,307,1979-11-29,Female
mchillistone8l,vBSlDTKXN3PK,3574179833457600,2021-01-13,361,1969-08-07,Male
egossage8m,UvCWni,3529761866000430,2021-08-29,626,1963-01-02,Female
eclaque8n,AdfQet,345065584502162,2022-05-17,920,1992-09-15,Female
acarmel8o,bUcIE0iPMGG2,4508882880580760,2023-07-05,685,1983-08-28,Male
cschout8p,Eyp5guy,3541770295221240,2023-01-19,623,1972-06-19,Female
ktrusty8q,WD4ECv,4913350147058860,2021-07-14,349,1969-03-31,Female
slanchester8r,P67mDD,3537849614452320,2024-01-04,683,1940-04-16,Female
joxterby8s,pSjpi3Fby,4175003857938520,2023-07-30,838,1950-12-06,
dvaugham8t,X4deiAU7s9,3567008524740220,2022-03-28,920,1999-11-24,Female
cenriquez8u,3IEjf1t,4041597666407460,2020-02-18,522,1977-08-12,Female
jhundal8v,rHUFOTU,3573372079405200,2020-05-31,256,1944-04-24,Female
rchalice8w,U93g8HCQV,56022447712707200,2021-03-30,163,1972-12-19,
fizaac8x,9lu67WUj4kW,4844889273434460,2022-07-08,184,1962-11-14,Male
gwoltering8y,Aw0ymtL,3557534080410100,2024-01-01,646,2000-03-30,Female
yaspel8z,Gao5NHbCR,6399107506056220,2020-02-10,457,1973-12-10,Female
jsporton90,vGiKLjWxZS4d,5350711524715300,2023-07-10,232,1974-02-14,Female
gmatteoni91,7RmgIHenu,4508642746979450,2020-04-23,132,1947-09-06,Male
hdodle92,MnjGEWI,3587621087602310,2021-08-21,213,1997-06-15,Male
tkerford93,s6xTia,3564152195360600,2022-10-08,693,1941-08-01,Female
achansonnau94,QZz9FXrV,5100141226339360,2023-08-29,703,1999-06-10,Male
stiebe95,iwz4rms,4041590952131,2024-01-02,886,1990-04-09,Male
dtwidell96,kGoraZZOpNvv,3586720899016360,2020-09-19,610,1940-04-30,Female
hrix97,OY6oPaVHLgXb,3588627564921010,2023-06-25,264,1981-06-02,Female
dbuzza98,QHe7EOkljI,676112959698704000,2022-06-09,213,1985-12-16,Male
gconfait99,453CaOV,5007668036342080,2022-04-18,640,1992-01-24,Male
hrainbow9a,Yq09xd,3573698877713080,2021-02-09,150,1974-05-18,
dpatrickson9b,ov3DXXGH,5396516051840970,2022-05-13,691,1964-12-12,Male
jsivess9c,tDWeSrBanVjp,5100945261305440,2023-09-16,201,1994-02-09,Female
gormshaw9d,x0ixx2WyFa,676728292120345000,2020-04-06,121,1968-12-31,Male
kstockoe9e,0fj1bcRro4fN,3577282016213130,2021-01-03,773,1950-05-27,Male
whasling9f,W1PENqcOnsy,4917735751493870,2023-09-21,571,1993-12-28,Female
wanderer9g,HYpTtzpZFT,370189951678997,2023-09-10,763,1986-12-03,Male
pgofforth9h,RwSQjS6SkYS,3587756287656780,2020-12-06,547,1947-09-30,Female
bfeldmark9i,arRD0ZFi,201755406847885,2020-07-25,488,1963-04-09,Female
pmcilhone9j,V5AUc1h9hBa,630405542324381000,2020-12-02,761,1953-03-26,
mmcgifford9k,AGyaCznCj77,374283350879920,2022-04-25,616,1990-11-29,Female
drablen9l,qptmML,4844992074284780,2023-02-08,997,1988-07-02,Male
aalessandrucci9m,YXFiSmMyrls7,3573960792235780,2020-04-14,747,2003-02-12,Female
ldesmond9n,1y2jKYc06VDY,5145812868319530,2020-12-29,564,1954-12-05,Female
fcruise9o,b3c1SPlG1rLr,5100138204079310,2021-04-15,237,1986-09-04,Male
ecackett9p,eJ7nCY,3531831858483050,2020-02-03,115,1990-09-08,Female
spelman9q,ZCFk8osx2x9,675957479367070000,2023-07-01,488,1995-11-17,Male
cperchard9r,RbfyCXC,4017957990468,2022-12-30,349,1978-02-07,Male
fbremeyer9s,kSYrCI7PC0,67090309248638000,2020-08-27,730,1961-04-02,Male
pwittier9t,jF8N6A9R5,3532658131017730,2020-09-09,734,1990-06-03,Male
ajentzsch9u,U4fOqD,3553664416398070,2022-08-09,313,1969-10-11,Male
idolden9v,Gbzc5ho,3587423803872120,2023-11-03,640,1975-06-11,Female
cgullefant9w,HbqF6ubYrDJw,3531155693786610,2022-01-22,450,1947-04-06,Male
msamme9x,Qgiyy3i,4741999428811,2021-12-09,813,1953-06-08,Female
ataylour9y,SpNefpj3rt,5610819668143000000,2020-08-11,509,1977-09-21,Female
hgiraudoux9z,vU2PFab,5581256252303860,2020-01-26,954,1948-05-07,Female
sreubena0,IeD0dU0Gep1,3581214850573130,2023-07-24,377,2003-01-09,
rheugela1,l975rzr,560223613096611000,2022-04-12,868,1981-05-12,Male
fmcreidya2,62UNfriin8E,3533490912596760,2022-05-30,315,1969-10-22,Female
mlorineza3,0dQX88,30291989970958,2022-08-15,381,1968-12-26,Female
sconradsena4,5Zqac7QXAf,3584958388056010,2020-01-28,627,1986-05-20,Male
cpryora5,bRyHecD3qh0h,3570397060510530,2022-11-28,254,1971-10-17,Male
cmatelaitisa6,Y17xET,5007660208240340,2020-08-01,889,1967-06-19,Male
testrellaa7,d6YOrqsV,5007662935578030,2023-11-21,972,1996-03-03,Male
jworsnipa8,oP0NBkJP,3544343775432960,2022-10-23,326,1985-09-09,Female
swallentina9,9UWJdr7m,30346811093203,2021-01-07,854,1993-09-06,Male
nnysaa,c7dZbMM7sKWp,670624654046685000,2021-07-12,570,1975-03-18,Male
psabattierab,AGdrfQPU5fBA,3579580519169850,2021-03-06,970,2001-09-11,Female
pearwakerac,23gFeDoBG2fR,3544784141436410,2020-04-28,776,1941-06-12,Female
kkattad,vGMAIV5SGv,376492205107910,2022-12-13,195,1976-03-06,Female
eattonae,rU67KK,30226425091746,2021-10-01,630,1944-08-28,Male
ltomlettaf,Hw62vogCn0,5483072618262120,2022-04-19,938,1974-10-13,Female
csidonag,xVXIcr,3586509889209750,2023-10-27,340,1993-07-02,Female
skiddellah,ebrf0MKfI,3577556202830820,2020-12-14,180,2001-10-23,Female
kheavisideai,QStyML,5460270921197110,2020-02-04,280,1989-03-19,Female
nfourmanaj,bgYOlugKm,4041376300497,2022-08-17,802,1990-09-13,Male
tcazeak,Y7hVom0Gp,3537973304142860,2022-09-24,524,1990-09-17,Male
rpennycockal,X05bwmL,4405719319783550,2023-04-22,520,1951-01-02,Male
wblissettam,jGHfvF6,3555878472678580,2020-12-29,714,1994-03-14,Female
egarwillan,RYtbNtirnTo,5007662445014800,2023-02-01,831,1967-07-02,Female
mbyardao,w5VhmBi89njY,4405087101751510,2020-02-22,480,1976-09-16,Female
dpendrichap,ZDSuMiOkW9G,3565426807962060,2023-03-20,149,1957-02-25,Male
ahorryaq,jqCeY77Zkej,6706333273196720000,2021-08-16,637,1941-06-26,Female
skonmannar,fLbHtGtfq,3567343395351710,2020-07-16,446,1991-08-22,Male
etreugeas,ZJ9kVm,56022328317994300,2023-05-30,285,1954-08-20,Female
ppetreczat,4xcn0y0z,5535199314777140,2022-11-25,504,1960-04-21,Female
dstaynesau,4NaYBG,372301643991229,2020-07-28,566,1969-09-25,Male
osirmondav,tOLLUfLnTZd,5100175946062000,2020-12-15,216,1950-05-12,Male
apendreaw,g4fhnT,3560469157128270,2022-04-29,681,1966-11-08,Female
belsomax,7rP97kSz5yh,5342976074583500,2021-01-15,176,1946-03-06,Female
jgalieroay,R57ssc1qIWr,3579443756890070,2021-12-25,995,1985-07-16,Female
cholmesaz,IwTs4x,3579683177502480,2020-03-28,243,2000-02-04,Male
iwillisonb0,iwu3eyI,30028097578848,2020-08-12,163,1947-07-13,Female
prawlynsb1,Dr0ZFV6Fp,3531677976867000,2020-10-01,432,1951-05-10,Female
dcronkb2,OYKRp8N9g,201464150805948,2021-02-15,131,1958-11-07,Female
rcostelowb3,a9XnItiAa1Rl,4508616528874060,2020-09-26,409,1971-03-26,Female
ddanseyb4,cbpqHEld,3565620936133580,2020-05-14,961,1985-01-05,Female
rhandscombb5,Y54tnFamQkZ,3573926736868830,2022-09-29,668,1971-06-16,Male
rpinksb6,dvq8pFPs,3583357522151150,2020-12-09,297,1948-03-09,Male
cmcilhargab7,O55rSjdDpCgN,30500008577531,2021-06-17,658,1978-03-30,Female
dspadollinib8,tlprk7,3543211468175240,2020-12-05,601,1973-08-05,Female
dcasierb9,MDtyhvwqTV,3545975330648070,2023-03-22,360,1947-04-12,Female
ldaishba,y3jxAr18,201720762797629,2020-05-28,453,1971-05-29,Male
bbuzinbb,Yh0QMKybUlM6,3544191548404190,2021-03-16,130,1954-02-21,Female
lbradnumbc,QEWQT9A,50205736141533400,2022-01-21,170,1943-02-20,Female
bloxleybd,rRF7uz,5100178384614320,2022-08-24,731,1972-10-09,Male
chitzschkebe,xRkVcUMvdba,3579081113327510,2023-12-05,570,1979-06-05,
jmcleishbf,TdyiVh,3585446174842240,2023-08-04,615,2000-02-28,Female
plequesnebg,Flk9UVhidZcZ,201658570224990,2021-08-07,166,1949-07-23,Female
iodonohuebh,IBhd05U,3581031152423480,2020-12-30,506,1985-06-01,
gdarbybi,lgQkHGp,5584848329521120,2023-03-09,618,1988-04-15,Male
svaskovbj,mA6cQSqh5pn,3567916620532480,2020-03-06,661,1981-02-18,Male
fshaklebk,WecvNYhsm,6383733929133500,2023-10-03,233,1989-01-15,Female
mkilsbybl,ENDvvekzWhzZ,5370450056290120,2023-10-28,521,1951-06-16,
gbudikbm,LmptlrGTb,3588121129062230,2023-07-05,911,1943-12-30,Female
csatchbn,eH355fw5,3560054838488760,2022-06-29,115,1946-06-16,Female
bstrawbridgebo,p2TvPf50gZi,374288769595231,2022-03-12,291,1952-02-14,Female
smeddemmenbp,Qb7dcxEze,3572342340599070,2020-01-25,702,1988-05-30,Female
bcarranebq,jXzGZI1,5641825984534810,2023-06-24,264,1956-06-30,Female
hcindereybr,bF3uPvv,3543414429331230,2022-07-20,889,1949-07-10,Female
bgounotbs,I85hQFb,3552478502570150,2023-07-31,521,1959-12-05,Female
esaddingtonbt,GXRGKz0Ckaj,5602244809992970,2022-11-10,265,1972-09-15,Male
bcustardbu,VXHoO2m5H,633485785911391000,2020-06-24,543,1983-07-29,Male
kwhitebv,M0oTyLOFRu,50184914905167600,2023-07-28,173,1965-11-26,Male
pgillisonbw,pqJz0E,3589971680153460,2022-06-17,409,1948-04-20,Female
scicullobx,wki39fS0W,3552595757250050,2021-12-16,332,1980-10-04,Male
erembaudby,CipZmwko,379764094963919,2023-12-19,528,1969-10-22,Male
hmacalindenbz,eZCnqplVcb,4508902543584480,2023-09-15,101,1992-04-22,Female
ablackstonc0,uL8LUwHa,4411881107341,2022-11-06,634,1952-06-23,Female
ndulakec1,4ceaWXSYh3D,3559898162132010,2023-08-23,557,1970-07-10,Female
pmacanespiec2,FbkV3l5,4917644594923300,2020-06-25,774,1945-03-03,Male
willingc3,0GAiydGYM,36874960081780,2023-06-12,651,1986-07-05,
kchokec4,T3xDWji,490304733296701000,2020-01-21,933,1947-10-22,Male
ltrowsdalec5,NP6HHMRyF,3572637775421260,2020-01-20,372,1998-04-01,Male
lbasilic6,3Uk1WVMaVl,6304433770816560,2020-07-11,687,1952-06-04,Male
bfeakinsc7,u9DGWeNnF6,30534217427436,2023-09-18,427,1968-09-16,
ndeniskec8,bNi8Ms,3567057541103580,2023-10-16,467,1982-05-14,Female
mchattoc9,rgsokI,201823955944154,2021-11-27,272,1970-10-29,Female
ditzchakica,fXKbYVkBhGd8,6767653382999500000,2022-03-13,215,1997-04-26,Female
cdurhamcb,MuvlPelGgI,560221815276783000,2023-12-07,363,2000-12-02,Male
kleesecc,1knKpDPtp,3567624269968890,2020-10-27,595,1950-07-07,Male
nsalterncd,VPhf7ius72UW,3564173085778050,2021-03-08,388,1991-03-12,Male
sitzhakce,CQEN5XqGE2D6,3557023713010810,2023-03-04,145,1972-04-02,Female
gwizcf,4Yhd1Q1bm,5602222364099210,2022-08-07,801,1992-02-04,Male
llewsamcg,9kxkyQD9trh,347556902839052,2021-12-12,574,2001-03-11,Female
cpibworthch,Qfk6EM,589328919480420000,2021-07-24,784,1999-12-23,Female
lbickerdykeci,XmEyXRblWX,5139636108807640,2020-11-07,311,1950-11-20,Male
ccripscj,kM4xfok8,3549367364268890,2023-10-30,847,1996-02-01,Male
ssaundercockck,i4tYJGtYVsTF,3532226390839140,2023-10-06,889,1941-11-03,
iproffercl,1hFzfidY,633110861180671000,2020-10-03,994,1981-12-15,Male
vgeraschcm,YKJfIt5Qbd7,5591211281302200,2023-12-10,915,1960-03-05,Female
rbrumcn,eABuab681Ga,5602255612600350,2021-08-30,302,1946-12-25,
ddalwoodco,Z2ifDzMydcu,3584412918665950,2021-03-03,175,1996-05-22,Male
cmustoecp,sfkRRZ8ecRCd,6763172494327060000,2021-04-18,680,1988-08-08,Male
jbushawaycq,fAhqdNJLrfbZ,3544340852021180,2023-05-28,857,1971-12-03,Male
cmacredmondcr,2ZlRQIF4k,5100173907367880,2021-11-26,886,1969-10-23,Female
nparsandcs,TMltEoi1,6331100022325210000,2023-07-03,437,1950-12-01,Female
lavesct,HiDIqRM,6333869763314200000,2020-10-20,830,1968-03-16,Male
wstentcu,wc0nOV4B,4936323296557390,2020-07-18,278,1979-11-25,Female
tlumsdencv,p1w4hPr,3542040824886850,2023-01-12,315,1942-02-23,Male
cgiraldocw,TOK4tS5N,4017950236115730,2021-10-21,281,1972-05-14,Female
dprallcx,NqTrO8BXKi,3575302218821110,2022-06-03,906,1956-05-19,Male
lcrowchecy,w9MHgv,3538354209659980,2021-03-08,964,1986-11-10,Male
lbettlescz,rtCrY9alJso,374288019223766,2023-08-13,142,1949-08-03,Male
ltoddd0,nbiA24F,633110794389912000,2022-02-16,613,1977-03-29,Female
bhonigd1,sCm36r,50209606100131500,2023-02-20,411,1945-07-07,Female
bslowcockd2,ZgInffEa1g,3532738750705330,2021-02-01,986,1994-04-13,Male
dhaysard3,L19wp65Fn,5018595647072240,2022-07-14,129,1997-09-14,Male
esparsholtd4,30hrUaI,4905785480265050000,2021-07-18,439,1963-08-29,Female
jpolod5,pssh3ThKpAa2,3528777456014350,2023-04-05,837,1983-11-11,Female
jfleyd6,gdG4PUf6lRB,201534260093237,2022-11-09,745,2000-06-03,Male
asayed7,6vkPKc9,3540013359680160,2023-12-30,154,1999-11-03,Female
sabbesd8,WhAvIigZ,4175000355908510,2021-11-06,574,1992-03-20,Male
amacnucatord9,ruTHrZ0uWCf,3541292767479080,2022-07-10,632,1984-11-17,Female
jcallaghanda,VUWgyG89B,5100135608501510,2020-12-23,397,1983-02-09,Female
fyardleydb,ZfGwYr,3559581014054090,2021-03-12,534,2000-06-25,Female
lterrandc,dKGI3680N0,3562526463952730,2023-11-12,498,1951-12-14,Female
ddashwooddd,WQ1Z2MLjpBOC,30494804473386,2020-03-20,848,1956-05-14,Male
esuttiede,BmpLwR67,3571662486329500,2021-08-06,632,2003-11-02,Female
hhulkedf,irm4YJohDn,4175009155271120,2020-11-01,270,1967-11-07,Male
wlockierdg,s291rynaIdN,3558382093822220,2020-07-02,439,1955-12-05,Female
mlebossedh,RrZn18Z,604129516489389,2020-05-20,976,1976-09-18,Female
aallchindi,cEsrq7uH,5602217942812710,2020-06-16,550,1966-03-24,Male
fmillomdj,fM62HEPx,3588169036494550,2020-07-20,252,1976-02-13,
lcapnordk,dULcbUC,4913490005273980,2023-08-11,220,1998-04-12,Male
gpriddiedl,fgtAEVh,676202062372724000,2023-05-27,115,1996-09-20,Female
sgloverdm,nUaVxlm,3574755128867730,2021-05-18,569,1997-06-14,Female
dnursedn,a2UQjCTOY4Ys,3578293915273890,2021-12-27,884,1990-07-21,Female
rpennerdo,WWGLe9jhC,3575517321001460,2021-10-05,157,1971-06-13,Male
lhavelinedp,PSEIeiNb,5602251978371180,2020-09-25,909,1984-12-20,Female
wpackdq,qPYR9Vh70SB,3558068592753960,2020-10-23,730,1961-08-14,Male
hcowdrydr,dHuMaQ7,3588042701913460,2021-11-05,490,1978-07-18,Male
vpextonds,0eXMjKAXQ0SP,5602243550491870,2023-07-30,842,1994-02-16,Male
enanndt,2TnsccMO,560221119441628000,2023-02-06,847,1983-02-28,Female
sallworthydu,P5jhynKODc5z,4917561831357110,2022-01-16,558,1971-08-29,Male
rhartilldv,B170jK5SBZVI,4026477842799690,2022-01-10,321,1960-02-19,Male
